<?xml version="1.0" encoding="UTF-8"?>
<!DOCTYPE codetemplates PUBLIC "-//NetBeans//DTD Editor Code Templates settings 1.0//EN" "http://www.netbeans.org/dtds/EditorCodeTemplates-1_0.dtd">
<codetemplates>
    <codetemplate abbreviation="dd" xml:space="preserve">
        <code><![CDATA[dd($data);]]></code>
    </codetemplate>
    <codetemplate abbreviation="ee" xml:space="preserve">
        <code><![CDATA[echo '<pre>';
$temp_str = "<h1 style=\"text-align:center;\">Hello friend`s</h1>";
echo $temp_str;
exit;${cursor}]]></code>
    </codetemplate>
    <codetemplate abbreviation="pew" xml:space="preserve">
        <code><![CDATA[header('Content-Type: text/html; charset=utf-8');
echo '<pre>';
var_dump($data);
exit;${cursor}]]></code>
    </codetemplate>
    <codetemplate abbreviation="def" xml:space="preserve">
        <code><![CDATA[header("Content-Type: text/html; charser=utf-8");
date_default_timezone_set('Europe/Kiev');]]></code>
    </codetemplate>
    <codetemplate abbreviation="poc" xml:space="preserve">
        <code><![CDATA[print('<script type="text/javascript">' .
    'function seeall(array,tab = \'\'){ if(tab === \'\'){ console.log(tab + \'\u{2554}=============[ Array ]==============\u{2557}\'); } for(var i in array){ if(typeof(array[i]) == \'object\'){ console.log(\'\u{2551}\'+tab+\'\t\' + \'\u{2554}[\' +i+ \']============================\u{2557}\'); seeall(array[i],tab+\'\t\'); } else { console.log(\'\u{2551}\'+tab+\'\t\' + i + \'  :  \' + array[i]); }; }; console.log(\'\u{2551}\'+tab + \'\u{255A}====================================\u{255D}\'); };'.
//  'window.onload = function() { ' .
//	'console.clear();'.
	'var array = ' . json_encode($other_arr) . ';' .
	'seeall(array)'.
//  '}; ' .
'</script> ');
]]></code>
    </codetemplate>
    <codetemplate abbreviation="ek" xml:space="preserve">
        <code><![CDATA[<!-- -->]]></code>
    </codetemplate>
    <codetemplate abbreviation="qw" xml:space="preserve">
        <code><![CDATA[<?php foreach ($array as $key => $value){ ?>
    
<?php } ?>]]></code>
    </codetemplate>
    <codetemplate abbreviation="ife" xml:space="preserve">
        <code><![CDATA[if (${CONDITION variableFromPreviousAssignment instanceof="boolean" default="true"}) {
    ${selection}${cursor}
} else {

}]]></code>
    </codetemplate>
    <codetemplate abbreviation="pec" xml:space="preserve">
        <code><![CDATA[header('Content-Type: application/json');
print_r(json_encode($data));
exit;]]></code>
    </codetemplate>
    <codetemplate abbreviation="head" xml:space="preserve">
        <code><![CDATA[date_default_timezone_set('Europe/Kiev');
header("Content-Type: text/html; charser=utf-8");]]></code>
    </codetemplate>
    <codetemplate abbreviation="du" xml:space="preserve">
        <code><![CDATA[dump($data);
exit;]]></code>
    </codetemplate>
    <codetemplate abbreviation="ex" xml:space="preserve">
        <code><![CDATA[$temp_str = "<h1 style=\"text-align:center;\">Hello friend`s</h1>";
exit($temp_str);${cursor}]]></code>
    </codetemplate>
    <codetemplate abbreviation="pc" xml:space="preserve">
        <code><![CDATA[print('<script type="text/javascript">' .
    'var subject_val = {'.
	    '\'value1\' : '.json_encode($other_total).','.
    '}'.
    'console.log(subject_val); '.
'</script> ');]]></code>
    </codetemplate>
    <codetemplate abbreviation="qf" xml:space="preserve">
        <code><![CDATA[<?php if( ) { ?>
    
<?php } else {?>
    
<? } ?>]]></code>
    </codetemplate>
    <codetemplate abbreviation="pe" xml:space="preserve">
        <code><![CDATA[header('Content-Type: text/html; charset=utf-8');
echo '<pre>';
print_r($data);
exit;${cursor}]]></code>
    </codetemplate>
    <codetemplate abbreviation="try" xml:space="preserve">
        <code><![CDATA[try{
    if(!empty($$${param}${cursor})){
	
    } else {
	throw new Exception('Error_text');
    }
} catch (Exception $e) {
    echo '<script type="text/javascript"><!--
		    window.onload = function() {
			console.clear();
			console.log(\''.$e->getMessage().'\');
//			console.log(\''.$e->getFile().' - '.$e->getLine().'\');
		    };
		    //--></script> ';
//    print_r($e->getMessage());
}
// finally {
//    version PHP 5.5 ...
//}]]></code>
    </codetemplate>
    <codetemplate abbreviation="tryc" contexts="php-code" uuid="org.netbeans.modules.php.editor.codetemplate.tryc" xml:space="preserve">
        <code><![CDATA[try{
    if(!empty(${VARIABLE variableFromPreviousAssignment default="$variable"}${cursor})){
	
    } else {
	throw new Exception('Error_text');
    }
} catch (Exception $e) {
//    print_r($e->getMessage());
}]]></code>
    </codetemplate>
    <codetemplate abbreviation="puc" xml:space="preserve">
        <code><![CDATA[print('<script type="text/javascript">' .
    'function seeall(array,tab = \'\'){ console.log(\'========================================\'); for(var i in array){ if(typeof(array[i]) == \'object\'){ seeall(array[i],tab+\'\t\'); } else { console.log(tab + i+"  :  "+array[i]); }; }; };' .
//  'window.onload = function() { ' .
//  'console.clear();'.
    'var array = ' . json_encode($filter_data) . ';' .
    'seeall(array)' .
//  '}; ' .
'</script> ');]]></code>
    </codetemplate>
</codetemplates>
