<?xml version="1.0" encoding="UTF-8"?>
<project-private xmlns="http://www.netbeans.org/ns/project-private/1">
    <editor-bookmarks xmlns="http://www.netbeans.org/ns/editor-bookmarks/2" lastBookmarkId="0"/>
    <open-files xmlns="http://www.netbeans.org/ns/projectui-open-files/2">
        <group>
            <file>file:/C:/OpenServer/domains/test_cms/libs/route.php</file>
            <file>file:/C:/OpenServer/domains/test_cms/controller/news.php</file>
            <file>file:/C:/OpenServer/domains/test_cms/libs/default.php</file>
            <file>file:/C:/OpenServer/domains/test_cms/view/default/news.php</file>
            <file>file:/C:/OpenServer/domains/test_cms/model/news.php</file>
            <file>file:/C:/OpenServer/domains/test_cms/index.php</file>
            <file>file:/C:/OpenServer/domains/test_cms/config.php</file>
            <file>file:/C:/OpenServer/domains/test_cms/controller/errors/404.php</file>
        </group>
    </open-files>
</project-private>
