<?xml version="1.0" encoding="UTF-8"?>
<project-private xmlns="http://www.netbeans.org/ns/project-private/1">
    <editor-bookmarks xmlns="http://www.netbeans.org/ns/editor-bookmarks/2" lastBookmarkId="0"/>
    <open-files xmlns="http://www.netbeans.org/ns/projectui-open-files/2">
        <group>
            <file>file:/C:/OpenServer/domains/rentab/controller/employee.php</file>
            <file>file:/C:/OpenServer/domains/rentab/controller/adddata.php</file>
            <file>file:/C:/OpenServer/domains/rentab/config.php</file>
            <file>file:/C:/OpenServer/domains/rentab/model/employee.php</file>
            <file>file:/C:/OpenServer/domains/rentab/libs/default.php</file>
            <file>file:/C:/OpenServer/domains/rentab/css/style.css</file>
            <file>file:/C:/OpenServer/domains/rentab/controller/header.php</file>
            <file>file:/C:/OpenServer/domains/rentab/view/default/adddata.tpl</file>
            <file>file:/C:/OpenServer/domains/rentab/index.php</file>
            <file>file:/C:/OpenServer/domains/rentab/view/default/header.tpl</file>
            <file>file:/C:/OpenServer/domains/rentab/model/adddata.php</file>
            <file>file:/C:/OpenServer/domains/rentab/view/default/employee.tpl</file>
            <file>file:/C:/OpenServer/domains/rentab/back/index.php</file>
        </group>
    </open-files>
</project-private>
